/*
SQLyog Ultimate v9.10 
MySQL - 5.5.5-10.1.30-MariaDB : Database - sem_app_210121
*********************************************************************
*/

/*!40101 SET NAMES utf8 */;

/*!40101 SET SQL_MODE=''*/;

/*!40014 SET @OLD_UNIQUE_CHECKS=@@UNIQUE_CHECKS, UNIQUE_CHECKS=0 */;
/*!40101 SET @OLD_SQL_MODE=@@SQL_MODE, SQL_MODE='NO_AUTO_VALUE_ON_ZERO' */;
/*!40111 SET @OLD_SQL_NOTES=@@SQL_NOTES, SQL_NOTES=0 */;
/*Table structure for table `assessment_fees` */

DROP TABLE IF EXISTS `assessment_fees`;

CREATE TABLE `assessment_fees` (
  `id` int(11) NOT NULL AUTO_INCREMENT,
  `assessment_id` char(8) DEFAULT NULL,
  `fee_id` char(3) DEFAULT NULL,
  `due_amount` decimal(10,2) DEFAULT NULL,
  `paid_amount` decimal(10,2) DEFAULT NULL,
  `adjust_amount` decimal(10,2) DEFAULT NULL,
  `percentage` decimal(7,6) DEFAULT NULL,
  `order` int(11) DEFAULT NULL,
  `created` datetime DEFAULT NULL,
  `modified` datetime DEFAULT NULL,
  PRIMARY KEY (`id`)
) ENGINE=InnoDB AUTO_INCREMENT=12665 DEFAULT CHARSET=latin1;

/*Data for the table `assessment_fees` */

/*Table structure for table `assessment_paysched` */

DROP TABLE IF EXISTS `assessment_paysched`;

CREATE TABLE `assessment_paysched` (
  `id` int(11) NOT NULL AUTO_INCREMENT,
  `transaction_type_id` char(5) DEFAULT NULL,
  `assessment_id` char(8) DEFAULT NULL,
  `bill_month` char(8) DEFAULT NULL,
  `due_amount` decimal(10,2) DEFAULT NULL,
  `paid_amount` decimal(10,2) DEFAULT NULL,
  `due_date` date DEFAULT NULL,
  `paid_date` date DEFAULT NULL,
  `status` char(4) DEFAULT NULL COMMENT 'PAID,OVER,LATE',
  `order` int(11) DEFAULT NULL,
  `created` datetime DEFAULT NULL,
  `modified` datetime DEFAULT NULL,
  PRIMARY KEY (`id`)
) ENGINE=InnoDB AUTO_INCREMENT=6214 DEFAULT CHARSET=latin1;

/*Data for the table `assessment_paysched` */

/*Table structure for table `assessment_subjects` */

DROP TABLE IF EXISTS `assessment_subjects`;

CREATE TABLE `assessment_subjects` (
  `id` int(11) unsigned NOT NULL,
  `subject_id` char(8) DEFAULT NULL,
  `section_id` int(4) DEFAULT NULL,
  `schedule_id` char(8) DEFAULT NULL,
  `start_time` time DEFAULT NULL,
  `end_time` time DEFAULT NULL,
  `rooms` varchar(15) DEFAULT NULL,
  `days` varchar(15) DEFAULT NULL,
  `created` timestamp NULL DEFAULT NULL,
  PRIMARY KEY (`id`)
) ENGINE=InnoDB DEFAULT CHARSET=latin1;

/*Data for the table `assessment_subjects` */

/*Table structure for table `assessments` */

DROP TABLE IF EXISTS `assessments`;

CREATE TABLE `assessments` (
  `id` int(11) NOT NULL AUTO_INCREMENT,
  `student_id` char(8) DEFAULT NULL,
  `account_type` char(10) DEFAULT NULL,
  `esp` decimal(6,2) DEFAULT NULL,
  `ref_no` char(15) NOT NULL,
  `account_details` text,
  `payment_scheme` char(5) DEFAULT NULL COMMENT 'CASH,INSTL',
  `assessment_total` decimal(10,2) DEFAULT NULL,
  `subsidy_status` char(5) DEFAULT NULL,
  `discount_amount` decimal(10,2) DEFAULT NULL,
  `payment_total` decimal(10,2) NOT NULL,
  `outstanding_balance` decimal(10,2) DEFAULT NULL,
  `rounding_off` decimal(6,5) DEFAULT NULL,
  `created` datetime DEFAULT NULL,
  `modified` datetime DEFAULT NULL,
  PRIMARY KEY (`id`)
) ENGINE=InnoDB DEFAULT CHARSET=latin1;

/*Data for the table `assessments` */

/*Table structure for table `billing_periods` */

DROP TABLE IF EXISTS `billing_periods`;

CREATE TABLE `billing_periods` (
  `id` char(8) DEFAULT NULL,
  `name` varchar(20) DEFAULT NULL,
  `order` int(11) DEFAULT NULL,
  `created` timestamp NOT NULL DEFAULT CURRENT_TIMESTAMP ON UPDATE CURRENT_TIMESTAMP,
  `modified` timestamp NOT NULL DEFAULT '0000-00-00 00:00:00'
) ENGINE=InnoDB DEFAULT CHARSET=latin1;

/*Data for the table `billing_periods` */

insert  into `billing_periods`(`id`,`name`,`order`,`created`,`modified`) values ('UPONNROL','Upon Enrollment',1,'2021-01-25 10:10:24','0000-00-00 00:00:00'),('SEP2020','September 2020',2,'2021-01-25 10:10:24','0000-00-00 00:00:00'),('OCT2020','October 2020',3,'2021-01-25 10:10:25','0000-00-00 00:00:00'),('NOV2020','November 2020',4,'2021-01-25 10:10:25','0000-00-00 00:00:00'),('DEC2020','December 2020',5,'2021-01-25 10:10:26','0000-00-00 00:00:00'),('JAN2021','January 2021',6,'2021-01-25 10:10:26','0000-00-00 00:00:00'),('FEB2021','February 2021',7,'2021-01-25 10:10:27','0000-00-00 00:00:00'),('MAR2021','March 2021',8,'2021-01-25 10:10:27','0000-00-00 00:00:00'),('APR2021','April 2021',9,'2021-01-25 10:10:29','0000-00-00 00:00:00');

/*Table structure for table `curriculum_details` */

DROP TABLE IF EXISTS `curriculum_details`;

CREATE TABLE `curriculum_details` (
  `id` int(11) NOT NULL AUTO_INCREMENT,
  `curriculum_id` char(10) DEFAULT NULL,
  `year_level_id` char(2) DEFAULT NULL,
  `subject_id` char(8) DEFAULT NULL,
  `under` char(8) DEFAULT NULL,
  `weight` decimal(8,4) DEFAULT NULL,
  `unit` decimal(4,2) DEFAULT NULL,
  `lec_hour` decimal(4,2) DEFAULT NULL,
  `lab_hour` decimal(4,2) DEFAULT NULL,
  `is_parent` tinyint(1) DEFAULT NULL,
  `is_load` tinyint(1) DEFAULT NULL,
  `is_print` tinyint(1) DEFAULT NULL,
  `is_conduct` tinyint(1) DEFAULT NULL,
  `is_average` tinyint(1) DEFAULT NULL,
  `indention` tinyint(2) DEFAULT NULL,
  `print_on` varchar(50) DEFAULT NULL,
  `order` int(11) DEFAULT NULL,
  `created` datetime DEFAULT NULL,
  `modified` datetime DEFAULT NULL,
  PRIMARY KEY (`id`)
) ENGINE=InnoDB AUTO_INCREMENT=10 DEFAULT CHARSET=latin1;

/*Data for the table `curriculum_details` */

insert  into `curriculum_details`(`id`,`curriculum_id`,`year_level_id`,`subject_id`,`under`,`weight`,`unit`,`lec_hour`,`lab_hour`,`is_parent`,`is_load`,`is_print`,`is_conduct`,`is_average`,`indention`,`print_on`,`order`,`created`,`modified`) values (1,'IE19S1','GZ','2UENVIXX',NULL,NULL,NULL,NULL,NULL,0,1,1,1,1,NULL,NULL,1,NULL,NULL),(2,'IE19S1','GZ','COMPHARX',NULL,NULL,NULL,NULL,NULL,0,1,1,1,1,NULL,NULL,2,NULL,NULL),(3,'IE19S1','GZ','DIFCAL4X',NULL,NULL,NULL,NULL,NULL,0,1,1,1,1,NULL,NULL,3,NULL,NULL),(4,'IE19S1','GZ','GENPSYCX',NULL,NULL,NULL,NULL,NULL,0,1,1,1,1,NULL,NULL,4,NULL,NULL),(5,'IE19S1','GZ','KOMIKAXX',NULL,NULL,NULL,NULL,NULL,0,1,1,1,1,NULL,NULL,5,NULL,NULL),(6,'IE19S1','GZ','P6TWO4UX',NULL,NULL,NULL,NULL,NULL,0,1,1,1,1,NULL,NULL,6,NULL,NULL),(7,'IE19S1','GZ','PHILITEX',NULL,NULL,NULL,NULL,NULL,0,1,1,1,1,NULL,NULL,7,NULL,NULL),(8,'IE19S1','GZ','SPORTSXX',NULL,NULL,NULL,NULL,NULL,0,1,1,1,1,NULL,NULL,8,NULL,NULL),(9,'IE19S1','GZ','TECHCOMX',NULL,NULL,NULL,NULL,NULL,0,1,1,1,1,NULL,NULL,9,NULL,NULL);

/*Table structure for table `curriculum_sections` */

DROP TABLE IF EXISTS `curriculum_sections`;

CREATE TABLE `curriculum_sections` (
  `id` int(11) NOT NULL AUTO_INCREMENT,
  `section_id` int(11) DEFAULT NULL,
  `curriculum_id` char(10) DEFAULT NULL,
  `esp` decimal(6,2) DEFAULT NULL,
  `created` datetime DEFAULT NULL,
  `modified` datetime DEFAULT NULL,
  PRIMARY KEY (`id`)
) ENGINE=InnoDB AUTO_INCREMENT=2 DEFAULT CHARSET=latin1;

/*Data for the table `curriculum_sections` */

insert  into `curriculum_sections`(`id`,`section_id`,`curriculum_id`,`esp`,`created`,`modified`) values (1,1000,'IE19S1','2019.25',NULL,NULL);

/*Table structure for table `discounts` */

DROP TABLE IF EXISTS `discounts`;

CREATE TABLE `discounts` (
  `id` int(11) NOT NULL AUTO_INCREMENT,
  `tuition_id` char(8) DEFAULT NULL,
  `name` varchar(20) DEFAULT NULL,
  `type` char(8) DEFAULT NULL,
  `amount` decimal(10,2) DEFAULT NULL,
  `created` timestamp NOT NULL DEFAULT CURRENT_TIMESTAMP ON UPDATE CURRENT_TIMESTAMP,
  PRIMARY KEY (`id`)
) ENGINE=InnoDB AUTO_INCREMENT=11 DEFAULT CHARSET=latin1;

/*Data for the table `discounts` */

insert  into `discounts`(`id`,`tuition_id`,`name`,`type`,`amount`,`created`) values (1,'G07FEE20','ESC','peso','9000.00','2021-01-25 16:31:05'),(2,'G08FEE20','ESC','peso','9000.00','2021-01-25 16:31:06'),(3,'G09FEE20','ESC','peso','9000.00','2021-01-25 16:31:07'),(4,'G10FEE20','ESC','peso','9000.00','2021-01-25 16:31:07'),(5,'G11FEE20','ESC','peso','14000.00','2021-01-25 16:31:07'),(6,'G11FEE20','QVR','peso','14000.00','2021-01-25 16:31:08'),(7,'G11FEE20','PUBLIC','peso','17500.00','2021-01-25 16:31:08'),(8,'G12FEE20','ESC','peso','14000.00','2021-01-25 16:31:08'),(9,'G12FEE20','QVR','peso','14000.00','2021-01-25 16:31:10'),(10,'G12FEE20','PUBLIC','peso','17500.00','2021-01-25 16:31:11');

/*Table structure for table `fee_breakdowns` */

DROP TABLE IF EXISTS `fee_breakdowns`;

CREATE TABLE `fee_breakdowns` (
  `id` int(11) NOT NULL AUTO_INCREMENT,
  `tuition_id` char(8) DEFAULT NULL,
  `fee_id` char(3) DEFAULT NULL,
  `amount` decimal(10,2) DEFAULT NULL,
  `order` int(11) DEFAULT NULL,
  `created` timestamp NOT NULL DEFAULT CURRENT_TIMESTAMP ON UPDATE CURRENT_TIMESTAMP,
  PRIMARY KEY (`id`)
) ENGINE=InnoDB AUTO_INCREMENT=91 DEFAULT CHARSET=latin1;

/*Data for the table `fee_breakdowns` */

insert  into `fee_breakdowns`(`id`,`tuition_id`,`fee_id`,`amount`,`order`,`created`) values (1,'G12FEE20','ATH','200.00',10,'2021-01-22 10:51:12'),(2,'G12FEE20','CMP','1550.00',3,'2021-01-22 10:51:13'),(3,'G12FEE20','DEV','500.00',7,'2021-01-22 10:51:13'),(4,'G12FEE20','ENR','1500.00',8,'2021-01-22 10:51:13'),(5,'G12FEE20','GUI','170.00',6,'2021-01-22 10:51:14'),(6,'G12FEE20','INS','50.00',13,'2021-01-22 10:51:14'),(7,'G12FEE20','LIB','300.00',9,'2021-01-22 10:51:14'),(8,'G12FEE20','MAT','1000.00',15,'2021-01-22 10:51:15'),(9,'G12FEE20','MED','200.00',11,'2021-01-22 10:51:17'),(10,'G12FEE20','PUB','300.00',12,'2021-01-22 10:51:17'),(11,'G12FEE20','REG','200.00',2,'2021-01-22 10:51:17'),(12,'G12FEE20','SCI','500.00',4,'2021-01-22 10:51:17'),(13,'G12FEE20','SHB','100.00',14,'2021-01-22 10:51:18'),(14,'G12FEE20','SID','200.00',5,'2021-01-22 10:51:19'),(15,'G12FEE20','TUI','15000.00',1,'2021-01-22 10:51:21'),(16,'G08FEE20','ATH','200.00',11,'2021-01-22 10:51:43'),(17,'G08FEE20','CMP','1550.00',3,'2021-01-22 10:51:43'),(18,'G08FEE20','DEV','500.00',8,'2021-01-22 10:51:44'),(19,'G08FEE20','ENR','500.00',9,'2021-01-22 10:51:44'),(20,'G08FEE20','GUI','170.00',7,'2021-01-22 10:51:44'),(21,'G08FEE20','INS','50.00',14,'2021-01-22 10:51:45'),(22,'G08FEE20','LIB','190.00',10,'2021-01-22 10:51:45'),(23,'G08FEE20','MED','200.00',12,'2021-01-22 10:51:46'),(24,'G08FEE20','PUB','100.00',13,'2021-01-22 10:51:46'),(25,'G08FEE20','REG','200.00',2,'2021-01-22 10:51:46'),(26,'G08FEE20','SCI','300.00',5,'2021-01-22 10:51:47'),(27,'G08FEE20','SHB','60.00',15,'2021-01-22 10:51:47'),(28,'G08FEE20','SID','200.00',6,'2021-01-22 10:51:48'),(29,'G08FEE20','TLE','300.00',4,'2021-01-22 10:51:48'),(30,'G08FEE20','TUI','11510.00',1,'2021-01-22 10:51:49'),(31,'G07FEE20','ATH','200.00',11,'2021-01-22 10:51:55'),(32,'G07FEE20','CMP','1550.00',3,'2021-01-22 10:51:56'),(33,'G07FEE20','DEV','500.00',8,'2021-01-22 10:51:57'),(34,'G07FEE20','ENR','500.00',9,'2021-01-22 10:51:57'),(35,'G07FEE20','GUI','170.00',7,'2021-01-22 10:51:58'),(36,'G07FEE20','INS','50.00',14,'2021-01-22 10:51:58'),(37,'G07FEE20','LIB','190.00',10,'2021-01-22 10:51:58'),(38,'G07FEE20','MED','200.00',12,'2021-01-22 10:51:59'),(39,'G07FEE20','PUB','100.00',13,'2021-01-22 10:51:59'),(40,'G07FEE20','REG','200.00',2,'2021-01-22 10:52:00'),(41,'G07FEE20','SCI','300.00',5,'2021-01-22 10:52:00'),(42,'G07FEE20','SHB','60.00',15,'2021-01-22 10:52:00'),(43,'G07FEE20','SID','200.00',6,'2021-01-22 10:52:01'),(44,'G07FEE20','TLE','300.00',4,'2021-01-22 10:52:01'),(45,'G07FEE20','TUI','11510.00',1,'2021-01-22 10:52:03'),(46,'G09FEE20','ATH','200.00',11,'2021-01-22 10:52:07'),(47,'G09FEE20','CMP','1550.00',3,'2021-01-22 10:52:08'),(48,'G09FEE20','DEV','500.00',8,'2021-01-22 10:52:08'),(49,'G09FEE20','ENR','500.00',9,'2021-01-22 10:52:09'),(50,'G09FEE20','GUI','170.00',7,'2021-01-22 10:52:09'),(51,'G09FEE20','INS','50.00',14,'2021-01-22 10:52:09'),(52,'G09FEE20','LIB','190.00',10,'2021-01-22 10:52:10'),(53,'G09FEE20','MED','200.00',12,'2021-01-22 10:52:10'),(54,'G09FEE20','PUB','100.00',13,'2021-01-22 10:52:10'),(55,'G09FEE20','REG','200.00',2,'2021-01-22 10:52:11'),(56,'G09FEE20','SCI','300.00',5,'2021-01-22 10:52:11'),(57,'G09FEE20','SHB','60.00',15,'2021-01-22 10:52:11'),(58,'G09FEE20','SID','200.00',6,'2021-01-22 10:52:11'),(59,'G09FEE20','TLE','300.00',4,'2021-01-22 10:52:12'),(60,'G09FEE20','TUI','11510.00',1,'2021-01-22 10:52:12'),(61,'G10FEE20','ATH','200.00',11,'2021-01-22 10:52:17'),(62,'G10FEE20','CMP','1550.00',3,'2021-01-22 10:52:18'),(63,'G10FEE20','DEV','500.00',8,'2021-01-22 10:52:18'),(64,'G10FEE20','ENR','500.00',9,'2021-01-22 10:52:19'),(65,'G10FEE20','GUI','170.00',7,'2021-01-22 10:52:19'),(66,'G10FEE20','INS','50.00',14,'2021-01-22 10:52:19'),(67,'G10FEE20','LIB','190.00',10,'2021-01-22 10:52:19'),(68,'G10FEE20','MED','200.00',12,'2021-01-22 10:52:20'),(69,'G10FEE20','PUB','100.00',13,'2021-01-22 10:52:20'),(70,'G10FEE20','REG','200.00',2,'2021-01-22 10:52:20'),(71,'G10FEE20','SCI','300.00',5,'2021-01-22 10:52:21'),(72,'G10FEE20','SHB','60.00',15,'2021-01-22 10:52:21'),(73,'G10FEE20','SID','200.00',6,'2021-01-22 10:52:21'),(74,'G10FEE20','TLE','300.00',4,'2021-01-22 10:52:21'),(75,'G10FEE20','TUI','11510.00',1,'2021-01-22 10:52:22'),(76,'G11FEE20','ATH','200.00',10,'2021-01-22 10:52:33'),(77,'G11FEE20','CMP','1550.00',3,'2021-01-22 10:52:34'),(78,'G11FEE20','DEV','500.00',7,'2021-01-22 10:52:34'),(79,'G11FEE20','ENR','1500.00',8,'2021-01-22 10:52:34'),(80,'G11FEE20','GUI','170.00',6,'2021-01-22 10:52:35'),(81,'G11FEE20','INS','50.00',13,'2021-01-22 10:52:35'),(82,'G11FEE20','LIB','300.00',9,'2021-01-22 10:52:35'),(83,'G11FEE20','MAT','1000.00',15,'2021-01-22 10:52:35'),(84,'G11FEE20','MED','200.00',11,'2021-01-22 10:52:36'),(85,'G11FEE20','PUB','300.00',12,'2021-01-22 10:52:36'),(86,'G11FEE20','REG','200.00',2,'2021-01-22 10:52:36'),(87,'G11FEE20','SCI','500.00',4,'2021-01-22 10:52:37'),(88,'G11FEE20','SHB','100.00',14,'2021-01-22 10:52:37'),(89,'G11FEE20','SID','200.00',5,'2021-01-22 10:52:37'),(90,'G11FEE20','TUI','15000.00',1,'2021-01-22 10:52:40');

/*Table structure for table `maintenance_lists` */

DROP TABLE IF EXISTS `maintenance_lists`;

CREATE TABLE `maintenance_lists` (
  `id` int(11) NOT NULL AUTO_INCREMENT,
  `name` varchar(30) DEFAULT NULL,
  `description` varchar(50) DEFAULT NULL,
  `path` varchar(30) DEFAULT NULL,
  `order` int(11) DEFAULT NULL,
  `created` datetime DEFAULT NULL,
  `modified` datetime DEFAULT NULL,
  PRIMARY KEY (`id`)
) ENGINE=InnoDB DEFAULT CHARSET=latin1;

/*Data for the table `maintenance_lists` */

/*Table structure for table `master_configs` */

DROP TABLE IF EXISTS `master_configs`;

CREATE TABLE `master_configs` (
  `id` int(11) NOT NULL AUTO_INCREMENT,
  `sys_key` char(20) DEFAULT NULL,
  `sys_value` text,
  `created` datetime DEFAULT NULL,
  `modified` datetime DEFAULT NULL,
  PRIMARY KEY (`id`)
) ENGINE=InnoDB AUTO_INCREMENT=10 DEFAULT CHARSET=latin1;

/*Data for the table `master_configs` */

insert  into `master_configs`(`id`,`sys_key`,`sys_value`,`created`,`modified`) values (1,'SCHOOL_NAME','PROTOTYPE','2018-06-21 06:21:23','2018-06-21 06:21:23'),(2,'SCHOOL_ALIAS','DU','2018-06-21 06:21:36','2018-06-21 06:21:36'),(3,'SCHOOL_LOGO','logo.jpg','2018-06-21 06:21:51','2018-06-21 06:21:51'),(4,'SCHOOL_ADDRESS','STO.TOMAS BATANGAS','2018-06-21 06:22:05','2018-06-21 06:22:05'),(5,'START_SY','2013','2018-06-21 06:22:18','2018-06-21 06:22:18'),(6,'ACTIVE_SY','2019','2018-06-21 06:22:28','2018-06-21 06:22:28'),(7,'DEFAULT_','{\r\n   \"PRECISION\":0,\r\n   \"FLOOR_GRADE\":70,\r\n   \"CEIL_GRADE\":100,\r\n   \"PERIOD\":{\r\n      \"id\":3,\r\n      \"key\":\"THRDGRDG\",\r\n      \"alias\":{\r\n         \"short\":\"MID\",\r\n         \"full\":\"Midterm\"\r\n      }\r\n   },\r\n   \"SEMESTER\":{\r\n      \"id\":45,\r\n      \"key\":\"SCNDSEMS\",\r\n      \"alias\":{\r\n         \"short\":\"2st\",\r\n         \"full\":\"Second Sem\"\r\n      }\r\n   }\r\n}',NULL,NULL),(8,'SCHOOL_ID','DU',NULL,NULL),(9,'ACTIVE_DEPT','SH',NULL,NULL);

/*Table structure for table `master_modules` */

DROP TABLE IF EXISTS `master_modules`;

CREATE TABLE `master_modules` (
  `id` int(11) NOT NULL AUTO_INCREMENT,
  `name` varchar(30) DEFAULT NULL,
  `link` varchar(50) DEFAULT NULL,
  `is_parent` tinyint(1) DEFAULT NULL,
  `is_child` tinyint(1) DEFAULT NULL,
  `sequence` int(11) DEFAULT NULL,
  `created` datetime DEFAULT NULL,
  `modified` datetime DEFAULT NULL,
  `created_by` varchar(10) DEFAULT NULL,
  `modified_by` varchar(10) DEFAULT NULL,
  PRIMARY KEY (`id`)
) ENGINE=InnoDB DEFAULT CHARSET=latin1;

/*Data for the table `master_modules` */

/*Table structure for table `payment_due_dates` */

DROP TABLE IF EXISTS `payment_due_dates`;

CREATE TABLE `payment_due_dates` (
  `id` int(11) NOT NULL AUTO_INCREMENT,
  `scheme_id` char(4) DEFAULT NULL,
  `due_date` date DEFAULT NULL,
  `created` timestamp NOT NULL DEFAULT CURRENT_TIMESTAMP ON UPDATE CURRENT_TIMESTAMP,
  `modified` timestamp NOT NULL DEFAULT '0000-00-00 00:00:00',
  PRIMARY KEY (`id`)
) ENGINE=InnoDB DEFAULT CHARSET=latin1;

/*Data for the table `payment_due_dates` */

/*Table structure for table `payment_scheme_schedules` */

DROP TABLE IF EXISTS `payment_scheme_schedules`;

CREATE TABLE `payment_scheme_schedules` (
  `id` int(11) NOT NULL AUTO_INCREMENT,
  `payment_scheme_id` int(11) DEFAULT NULL,
  `billing_period_id` char(8) DEFAULT NULL,
  `amount` decimal(10,2) DEFAULT NULL,
  `due_dates` varchar(150) DEFAULT NULL,
  `created` timestamp NOT NULL DEFAULT CURRENT_TIMESTAMP ON UPDATE CURRENT_TIMESTAMP,
  `modified` timestamp NOT NULL DEFAULT '0000-00-00 00:00:00',
  PRIMARY KEY (`id`)
) ENGINE=InnoDB AUTO_INCREMENT=65 DEFAULT CHARSET=latin1;

/*Data for the table `payment_scheme_schedules` */

insert  into `payment_scheme_schedules`(`id`,`payment_scheme_id`,`billing_period_id`,`amount`,`due_dates`,`created`,`modified`) values (1,1,'UPONNROL','16030.00','2020-08-05','2021-01-22 18:00:00','0000-00-00 00:00:00'),(2,2,'UPONNROL','2030.00','2020-08-05','2021-01-22 18:00:00','0000-00-00 00:00:00'),(3,2,'SEP2020','1750.00','2020-09-15','2021-01-22 18:00:00','0000-00-00 00:00:00'),(4,2,'OCT2020','1750.00','2020-10-15','2021-01-22 18:00:00','0000-00-00 00:00:00'),(5,2,'NOV2020','1750.00','2020-11-15','2021-01-22 18:00:00','0000-00-00 00:00:00'),(6,2,'DEC2020','1750.00','2020-12-15','2021-01-22 18:00:00','0000-00-00 00:00:00'),(7,2,'JAN2021','1750.00','2021-01-15','2021-01-22 18:00:00','0000-00-00 00:00:00'),(8,2,'FEB2021','1750.00','2021-02-15','2021-01-22 18:00:00','0000-00-00 00:00:00'),(9,2,'MAR2021','1750.00','2021-03-15','2021-01-22 18:00:00','0000-00-00 00:00:00'),(10,2,'APR2021','1750.00','2021-04-01','2021-01-22 18:00:00','0000-00-00 00:00:00'),(11,3,'UPONNROL','16030.00','2020-08-05','2021-01-22 18:00:00','0000-00-00 00:00:00'),(12,4,'UPONNROL','2030.00','2020-08-05','2021-01-22 18:00:00','0000-00-00 00:00:00'),(13,4,'SEP2020','1750.00','2020-09-15','2021-01-22 18:00:00','0000-00-00 00:00:00'),(14,4,'OCT2020','1750.00','2020-10-15','2021-01-22 18:00:00','0000-00-00 00:00:00'),(15,4,'NOV2020','1750.00','2020-11-15','2021-01-22 18:00:00','0000-00-00 00:00:00'),(16,4,'DEC2020','1750.00','2020-12-15','2021-01-22 18:00:00','0000-00-00 00:00:00'),(17,4,'JAN2021','1750.00','2021-01-15','2021-01-22 18:00:00','0000-00-00 00:00:00'),(18,4,'FEB2021','1750.00','2021-02-15','2021-01-22 18:00:00','0000-00-00 00:00:00'),(19,4,'MAR2021','1750.00','2021-03-15','2021-01-22 18:00:00','0000-00-00 00:00:00'),(20,4,'APR2021','1750.00','2021-04-01','2021-01-22 18:00:00','0000-00-00 00:00:00'),(21,5,'UPONNROL','16030.00','2020-08-05','2021-01-22 18:00:00','0000-00-00 00:00:00'),(22,6,'UPONNROL','2030.00','2020-08-05','2021-01-22 18:00:00','0000-00-00 00:00:00'),(23,6,'SEP2020','1750.00','2020-09-15','2021-01-22 18:00:00','0000-00-00 00:00:00'),(24,6,'OCT2020','1750.00','2020-10-15','2021-01-22 18:00:00','0000-00-00 00:00:00'),(25,6,'NOV2020','1750.00','2020-11-15','2021-01-22 18:00:00','0000-00-00 00:00:00'),(26,6,'DEC2020','1750.00','2020-12-15','2021-01-22 18:00:00','0000-00-00 00:00:00'),(27,6,'JAN2021','1750.00','2021-01-15','2021-01-22 18:00:00','0000-00-00 00:00:00'),(28,6,'FEB2021','1750.00','2021-02-15','2021-01-22 18:00:00','0000-00-00 00:00:00'),(29,6,'MAR2021','1750.00','2021-03-15','2021-01-22 18:00:00','0000-00-00 00:00:00'),(30,6,'APR2021','1750.00','2021-04-01','2021-01-22 18:00:00','0000-00-00 00:00:00'),(31,7,'UPONNROL','16030.00','2020-08-05','2021-01-22 18:00:00','0000-00-00 00:00:00'),(32,8,'UPONNROL','2030.00','2020-08-05','2021-01-22 18:00:00','0000-00-00 00:00:00'),(33,8,'SEP2020','1750.00','2020-09-15','2021-01-22 18:00:00','0000-00-00 00:00:00'),(34,8,'OCT2020','1750.00','2020-10-15','2021-01-22 18:00:00','0000-00-00 00:00:00'),(35,8,'NOV2020','1750.00','2020-11-15','2021-01-22 18:00:00','0000-00-00 00:00:00'),(36,8,'DEC2020','1750.00','2020-12-15','2021-01-22 18:00:00','0000-00-00 00:00:00'),(37,8,'JAN2021','1750.00','2021-01-15','2021-01-22 18:00:00','0000-00-00 00:00:00'),(38,8,'FEB2021','1750.00','2021-02-15','2021-01-22 18:00:00','0000-00-00 00:00:00'),(39,8,'MAR2021','1750.00','2021-03-15','2021-01-22 18:00:00','0000-00-00 00:00:00'),(40,8,'APR2021','1750.00','2021-04-01','2021-01-22 18:00:00','0000-00-00 00:00:00'),(41,9,'UPONNROL','21770.00','2020-08-05','2021-01-22 18:00:00','0000-00-00 00:00:00'),(42,10,'UPONNROL','3885.00','2020-08-05','2021-01-22 18:00:00','0000-00-00 00:00:00'),(43,10,'DEC2020','3885.00','2020-12-15','2021-01-22 18:00:00','0000-00-00 00:00:00'),(44,11,'UPONNROL','3885.00','2020-08-05','2021-01-22 18:00:00','0000-00-00 00:00:00'),(45,11,'SEP2020','2000.00','2020-09-15','2021-01-22 18:00:00','0000-00-00 00:00:00'),(46,11,'OCT2020','2000.00','2020-10-15','2021-01-22 18:00:00','0000-00-00 00:00:00'),(47,11,'NOV2020','2000.00','2020-11-15','2021-01-22 18:00:00','0000-00-00 00:00:00'),(48,11,'DEC2020','3885.00','2020-12-15','2021-01-22 18:00:00','0000-00-00 00:00:00'),(49,11,'JAN2021','2000.00','2021-01-15','2021-01-22 18:00:00','0000-00-00 00:00:00'),(50,11,'FEB2021','2000.00','2021-02-15','2021-01-22 18:00:00','0000-00-00 00:00:00'),(51,11,'MAR2021','2000.00','2021-03-15','2021-01-22 18:00:00','0000-00-00 00:00:00'),(52,11,'APR2021','2000.00','2021-04-01','2021-01-22 18:00:00','0000-00-00 00:00:00'),(53,12,'UPONNROL','21770.00','2020-08-05','2021-01-22 18:00:00','0000-00-00 00:00:00'),(54,13,'UPONNROL','3885.00','2020-08-05','2021-01-22 18:00:00','0000-00-00 00:00:00'),(55,13,'DEC2020','3885.00','2020-12-15','2021-01-22 18:00:00','0000-00-00 00:00:00'),(56,14,'UPONNROL','3885.00','2020-08-05','2021-01-22 18:00:00','0000-00-00 00:00:00'),(57,14,'SEP2020','2000.00','2020-09-15','2021-01-22 18:00:00','0000-00-00 00:00:00'),(58,14,'OCT2020','2000.00','2020-10-15','2021-01-22 18:00:00','0000-00-00 00:00:00'),(59,14,'NOV2020','2000.00','2020-11-15','2021-01-22 18:00:00','0000-00-00 00:00:00'),(60,14,'DEC2020','3885.00','2020-12-15','2021-01-22 18:00:00','0000-00-00 00:00:00'),(61,14,'JAN2021','2000.00','2021-01-15','2021-01-22 18:00:00','0000-00-00 00:00:00'),(62,14,'FEB2021','2000.00','2021-02-15','2021-01-22 18:00:00','0000-00-00 00:00:00'),(63,14,'MAR2021','2000.00','2021-03-15','2021-01-22 18:00:00','0000-00-00 00:00:00'),(64,14,'APR2021','2000.00','2021-04-01','2021-01-22 18:00:00','0000-00-00 00:00:00');

/*Table structure for table `payment_schemes` */

DROP TABLE IF EXISTS `payment_schemes`;

CREATE TABLE `payment_schemes` (
  `id` int(11) NOT NULL AUTO_INCREMENT,
  `tuition_id` char(8) DEFAULT NULL,
  `scheme_id` char(4) DEFAULT NULL,
  `order` int(2) DEFAULT NULL,
  `total_amount` decimal(10,2) DEFAULT NULL,
  `variance_amount` decimal(10,2) DEFAULT NULL,
  `variance_type` char(4) DEFAULT NULL,
  `created` timestamp NOT NULL DEFAULT CURRENT_TIMESTAMP ON UPDATE CURRENT_TIMESTAMP,
  `modifie` timestamp NOT NULL DEFAULT '0000-00-00 00:00:00',
  PRIMARY KEY (`id`)
) ENGINE=InnoDB AUTO_INCREMENT=15 DEFAULT CHARSET=latin1;

/*Data for the table `payment_schemes` */

insert  into `payment_schemes`(`id`,`tuition_id`,`scheme_id`,`order`,`total_amount`,`variance_amount`,`variance_type`,`created`,`modifie`) values (1,'G07FEE20','CASH',1,'16030.00','0.00','PESO','2021-01-22 17:16:51','0000-00-00 00:00:00'),(2,'G07FEE20','MONT',2,'16030.00','0.00','PESO','2021-01-22 17:16:53','0000-00-00 00:00:00'),(3,'G08FEE20','CASH',1,'16030.00','0.00','PESO','2021-01-22 17:16:54','0000-00-00 00:00:00'),(4,'G08FEE20','MONT',2,'16030.00','0.00','PESO','2021-01-22 17:16:55','0000-00-00 00:00:00'),(5,'G09FEE20','CASH',1,'16030.00','0.00','PESO','2021-01-22 17:16:56','0000-00-00 00:00:00'),(6,'G09FEE20','MONT',2,'16030.00','0.00','PESO','2021-01-22 17:16:58','0000-00-00 00:00:00'),(7,'G10FEE20','CASH',1,'16030.00','0.00','PESO','2021-01-22 17:16:59','0000-00-00 00:00:00'),(8,'G10FEE20','MONT',2,'16030.00','0.00','PESO','2021-01-22 17:17:00','0000-00-00 00:00:00'),(9,'G11FEE20','CASH',1,'21770.00','0.00','PESO','2021-01-22 17:17:02','0000-00-00 00:00:00'),(10,'G11FEE20','SEMI',2,'21770.00','0.00','PESO','2021-01-22 17:17:03','0000-00-00 00:00:00'),(11,'G11FEE20','MONT',3,'21770.00','0.00','PESO','2021-01-22 17:17:05','0000-00-00 00:00:00'),(12,'G12FEE20','CASH',1,'21770.00','0.00','PESO','2021-01-22 17:17:06','0000-00-00 00:00:00'),(13,'G12FEE20','SEMI',2,'21770.00','0.00','PESO','2021-01-22 17:17:14','0000-00-00 00:00:00'),(14,'G12FEE20','MONT',3,'21770.00','0.00','PESO','2021-01-22 17:17:15','0000-00-00 00:00:00');

/*Table structure for table `rooms` */

DROP TABLE IF EXISTS `rooms`;

CREATE TABLE `rooms` (
  `id` char(4) NOT NULL,
  `name` varchar(20) DEFAULT NULL,
  `alias` varchar(5) DEFAULT NULL,
  `created` timestamp NOT NULL DEFAULT CURRENT_TIMESTAMP ON UPDATE CURRENT_TIMESTAMP,
  `modified` timestamp NOT NULL DEFAULT '0000-00-00 00:00:00'
) ENGINE=InnoDB DEFAULT CHARSET=latin1;

/*Data for the table `rooms` */

insert  into `rooms`(`id`,`name`,`alias`,`created`,`modified`) values ('305','305',NULL,'2020-05-29 12:28:24','0000-00-00 00:00:00'),('PLAB','Laboratory',NULL,'2020-05-29 12:28:40','0000-00-00 00:00:00'),('GYM','GYM',NULL,'2020-05-29 12:28:48','0000-00-00 00:00:00'),('G900','ROOM 1',NULL,'2021-01-26 10:49:56','0000-00-00 00:00:00'),('G901','ROOM 2',NULL,'2021-01-27 11:33:47','0000-00-00 00:00:00');

/*Table structure for table `schedule_details` */

DROP TABLE IF EXISTS `schedule_details`;

CREATE TABLE `schedule_details` (
  `id` int(11) NOT NULL AUTO_INCREMENT,
  `schedule_id` varchar(8) DEFAULT NULL,
  `subject_id` varchar(8) DEFAULT NULL,
  `start_time` time DEFAULT NULL,
  `end_time` time DEFAULT NULL,
  `day` char(1) DEFAULT NULL,
  `room_id` varchar(4) DEFAULT NULL,
  `created` timestamp NOT NULL DEFAULT CURRENT_TIMESTAMP ON UPDATE CURRENT_TIMESTAMP,
  `modified` timestamp NOT NULL DEFAULT '0000-00-00 00:00:00',
  UNIQUE KEY `id` (`id`)
) ENGINE=InnoDB AUTO_INCREMENT=144 DEFAULT CHARSET=latin1;

/*Data for the table `schedule_details` */

insert  into `schedule_details`(`id`,`schedule_id`,`subject_id`,`start_time`,`end_time`,`day`,`room_id`,`created`,`modified`) values (19,'G9900020','APXXXXG9','00:00:00','00:00:00','','','2021-01-28 17:25:45','0000-00-00 00:00:00'),(20,'G9900020','ENGXXXG9','08:00:00','09:00:00','M','G900','2021-01-26 10:50:26','0000-00-00 00:00:00'),(21,'G9900020','ESPXXXG9','09:00:00','10:00:00','M','G900','2021-01-26 10:50:26','0000-00-00 00:00:00'),(22,'G9900020','FILXXXG9','10:15:00','11:15:00','M','G900','2021-01-26 10:50:26','0000-00-00 00:00:00'),(23,'G9900020','MATHXXG9','11:15:00','12:15:00','M','G900','2021-01-26 10:50:26','0000-00-00 00:00:00'),(24,'G9900020','SCIXXXG9','13:30:00','14:30:00','M','G900','2021-01-26 10:50:26','0000-00-00 00:00:00'),(25,'G9900020','TLEXXXG9','14:30:00','15:30:00','M','G900','2021-01-26 10:50:26','0000-00-00 00:00:00'),(26,'G9900020','MAPEHXG9','15:30:00','17:00:00','M','G900','2021-01-26 10:50:26','0000-00-00 00:00:00'),(27,'G9900020','ARTSXXG9','15:30:00','17:00:00','M','G900','2021-01-26 10:50:26','0000-00-00 00:00:00'),(28,'G9900020','MUSICXG9','15:30:00','17:00:00','M','G900','2021-01-26 10:50:26','0000-00-00 00:00:00'),(29,'G9900020','PEXXXXG9','15:30:00','17:00:00','M','G900','2021-01-26 10:50:26','0000-00-00 00:00:00'),(30,'G9900020','HEALTHG9','15:30:00','17:00:00','M','G900','2021-01-26 10:50:26','0000-00-00 00:00:00'),(31,'G9900020','APXXXXG9','07:00:00','08:00:00','T','G900','2021-01-26 10:50:26','0000-00-00 00:00:00'),(32,'G9900020','ENGXXXG9','08:00:00','09:00:00','T','G900','2021-01-26 10:50:26','0000-00-00 00:00:00'),(33,'G9900020','ESPXXXG9','09:00:00','10:00:00','T','G900','2021-01-26 10:50:26','0000-00-00 00:00:00'),(34,'G9900020','FILXXXG9','10:15:00','11:15:00','T','G900','2021-01-26 10:50:26','0000-00-00 00:00:00'),(35,'G9900020','MATHXXG9','11:15:00','12:15:00','T','G900','2021-01-26 10:50:26','0000-00-00 00:00:00'),(36,'G9900020','SCIXXXG9','13:30:00','14:30:00','T','G900','2021-01-26 10:50:26','0000-00-00 00:00:00'),(37,'G9900020','TLEXXXG9','14:30:00','15:30:00','T','G900','2021-01-26 10:50:26','0000-00-00 00:00:00'),(38,'G9900020','MAPEHXG9','15:30:00','17:00:00','T','G900','2021-01-26 10:50:26','0000-00-00 00:00:00'),(39,'G9900020','ARTSXXG9','15:30:00','17:00:00','T','G900','2021-01-26 10:50:26','0000-00-00 00:00:00'),(40,'G9900020','MUSICXG9','15:30:00','17:00:00','T','G900','2021-01-26 10:50:26','0000-00-00 00:00:00'),(41,'G9900020','PEXXXXG9','15:30:00','17:00:00','T','G900','2021-01-26 10:50:26','0000-00-00 00:00:00'),(42,'G9900020','HEALTHG9','15:30:00','17:00:00','T','G900','2021-01-26 10:50:26','0000-00-00 00:00:00'),(43,'G9900020','APXXXXG9','07:00:00','08:00:00','W','G900','2021-01-26 10:50:26','0000-00-00 00:00:00'),(44,'G9900020','ENGXXXG9','08:00:00','09:00:00','W','G900','2021-01-26 10:50:26','0000-00-00 00:00:00'),(45,'G9900020','ESPXXXG9','09:00:00','10:00:00','W','G900','2021-01-26 10:50:26','0000-00-00 00:00:00'),(46,'G9900020','FILXXXG9','10:15:00','11:15:00','W','G900','2021-01-26 10:50:26','0000-00-00 00:00:00'),(47,'G9900020','MATHXXG9','11:15:00','12:15:00','W','G900','2021-01-26 10:50:26','0000-00-00 00:00:00'),(48,'G9900020','SCIXXXG9','13:30:00','14:30:00','W','G900','2021-01-26 10:50:26','0000-00-00 00:00:00'),(49,'G9900020','TLEXXXG9','14:30:00','15:30:00','W','G900','2021-01-26 10:50:26','0000-00-00 00:00:00'),(50,'G9900020','MAPEHXG9','15:30:00','17:00:00','W','G900','2021-01-26 10:50:26','0000-00-00 00:00:00'),(51,'G9900020','ARTSXXG9','15:30:00','17:00:00','W','G900','2021-01-26 10:50:26','0000-00-00 00:00:00'),(52,'G9900020','MUSICXG9','15:30:00','17:00:00','W','G900','2021-01-26 10:50:26','0000-00-00 00:00:00'),(53,'G9900020','PEXXXXG9','15:30:00','17:00:00','W','G900','2021-01-26 10:50:26','0000-00-00 00:00:00'),(54,'G9900020','HEALTHG9','15:30:00','17:00:00','W','G900','2021-01-26 10:50:26','0000-00-00 00:00:00'),(55,'G9900020','APXXXXG9','07:00:00','08:00:00','H','G900','2021-01-26 10:50:26','0000-00-00 00:00:00'),(56,'G9900020','ENGXXXG9','08:00:00','09:00:00','H','G900','2021-01-26 10:50:26','0000-00-00 00:00:00'),(57,'G9900020','ESPXXXG9','09:00:00','10:00:00','H','G900','2021-01-26 10:50:26','0000-00-00 00:00:00'),(58,'G9900020','FILXXXG9','10:15:00','11:15:00','H','G900','2021-01-26 10:50:26','0000-00-00 00:00:00'),(59,'G9900020','MATHXXG9','11:15:00','12:15:00','H','G900','2021-01-26 10:50:26','0000-00-00 00:00:00'),(60,'G9900020','SCIXXXG9','13:30:00','14:30:00','H','G900','2021-01-26 10:50:26','0000-00-00 00:00:00'),(61,'G9900020','TLEXXXG9','14:30:00','15:30:00','H','G900','2021-01-26 10:50:26','0000-00-00 00:00:00'),(62,'G9900020','MAPEHXG9','15:30:00','17:00:00','H','G900','2021-01-26 10:50:26','0000-00-00 00:00:00'),(63,'G9900020','ARTSXXG9','15:30:00','17:00:00','H','G900','2021-01-26 10:50:26','0000-00-00 00:00:00'),(64,'G9900020','MUSICXG9','15:30:00','17:00:00','H','G900','2021-01-26 10:50:26','0000-00-00 00:00:00'),(65,'G9900020','PEXXXXG9','15:30:00','17:00:00','H','G900','2021-01-26 10:50:26','0000-00-00 00:00:00'),(66,'G9900020','HEALTHG9','15:30:00','17:00:00','F','G900','2021-01-26 10:50:26','0000-00-00 00:00:00'),(67,'G9900020','APXXXXG9','07:00:00','08:00:00','F','G900','2021-01-26 10:50:26','0000-00-00 00:00:00'),(68,'G9900020','ENGXXXG9','08:00:00','09:00:00','F','G900','2021-01-26 10:50:26','0000-00-00 00:00:00'),(69,'G9900020','ESPXXXG9','09:00:00','10:00:00','F','G900','2021-01-26 10:50:26','0000-00-00 00:00:00'),(70,'G9900020','FILXXXG9','10:15:00','11:15:00','F','G900','2021-01-26 10:50:26','0000-00-00 00:00:00'),(71,'G9900020','MATHXXG9','11:15:00','12:15:00','F','G900','2021-01-26 10:50:26','0000-00-00 00:00:00'),(72,'G9900020','SCIXXXG9','13:30:00','14:30:00','F','G900','2021-01-26 10:50:26','0000-00-00 00:00:00'),(73,'G9900020','TLEXXXG9','14:30:00','15:30:00','F','G900','2021-01-26 10:50:26','0000-00-00 00:00:00'),(74,'G9900020','MAPEHXG9','15:30:00','17:00:00','F','G900','2021-01-26 10:50:26','0000-00-00 00:00:00'),(75,'G9900020','ARTSXXG9','15:30:00','17:00:00','F','G900','2021-01-26 10:50:26','0000-00-00 00:00:00'),(76,'G9900020','MUSICXG9','15:30:00','17:00:00','F','G900','2021-01-26 10:50:26','0000-00-00 00:00:00'),(77,'G9900020','PEXXXXG9','15:30:00','17:00:00','F','G900','2021-01-26 10:50:26','0000-00-00 00:00:00'),(78,'G9900020','HEALTHG9','15:30:00','17:00:00','F','G900','2021-01-26 10:50:26','0000-00-00 00:00:00'),(79,'G9500020','APXXXXG9','13:00:00','14:00:00','M','G950','2021-01-26 17:45:47','0000-00-00 00:00:00'),(80,'G9500020','APXXXXG9','13:00:00','14:00:00','T','G950','2021-01-26 10:55:06','0000-00-00 00:00:00'),(81,'G9500020','APXXXXG9','13:00:00','14:00:00','W','G950','2021-01-26 10:55:05','0000-00-00 00:00:00'),(82,'G9500020','APXXXXG9','13:00:00','14:00:00','H','G950','2021-01-26 10:55:06','0000-00-00 00:00:00'),(83,'G9500020','APXXXXG9','13:00:00','14:00:00','F','G950','2021-01-26 10:55:08','0000-00-00 00:00:00'),(84,'G9900120','APXXXXG9','08:00:00','09:00:00','M','G901','2021-01-27 11:40:57','0000-00-00 00:00:00'),(85,'G9900120','ENGXXXG9','09:00:00','10:00:00','M','G901','2021-01-27 11:40:57','0000-00-00 00:00:00'),(86,'G9900120','ESPXXXG9','10:00:00','11:00:00','M','G901','2021-01-27 11:40:57','0000-00-00 00:00:00'),(87,'G9900120','FILXXXG9','11:15:00','12:15:00','M','G901','2021-01-27 11:40:57','0000-00-00 00:00:00'),(88,'G9900120','MATHXXG9','12:15:00','13:15:00','M','G901','2021-01-27 11:40:57','0000-00-00 00:00:00'),(89,'G9900120','SCIXXXG9','14:30:00','15:30:00','M','G901','2021-01-27 11:40:57','0000-00-00 00:00:00'),(90,'G9900120','TLEXXXG9','15:30:00','16:30:00','M','G901','2021-01-27 11:40:57','0000-00-00 00:00:00'),(91,'G9900120','MAPEHXG9','16:30:00','18:00:00','M','G901','2021-01-27 11:40:57','0000-00-00 00:00:00'),(92,'G9900120','ARTSXXG9','16:30:00','18:00:00','M','G901','2021-01-27 11:40:57','0000-00-00 00:00:00'),(93,'G9900120','MUSICXG9','16:30:00','18:00:00','M','G901','2021-01-27 11:40:57','0000-00-00 00:00:00'),(94,'G9900120','PEXXXXG9','16:30:00','18:00:00','M','G901','2021-01-27 11:40:57','0000-00-00 00:00:00'),(95,'G9900120','HEALTHG9','16:30:00','18:00:00','M','G901','2021-01-27 11:40:57','0000-00-00 00:00:00'),(96,'G9900120','APXXXXG9','08:00:00','09:00:00','T','G901','2021-01-27 11:40:57','0000-00-00 00:00:00'),(97,'G9900120','ENGXXXG9','09:00:00','10:00:00','T','G901','2021-01-27 11:40:57','0000-00-00 00:00:00'),(98,'G9900120','ESPXXXG9','10:00:00','11:00:00','T','G901','2021-01-27 11:40:57','0000-00-00 00:00:00'),(99,'G9900120','FILXXXG9','11:15:00','12:15:00','T','G901','2021-01-27 11:40:57','0000-00-00 00:00:00'),(100,'G9900120','MATHXXG9','12:15:00','13:15:00','T','G901','2021-01-27 11:40:57','0000-00-00 00:00:00'),(101,'G9900120','SCIXXXG9','14:30:00','15:30:00','T','G901','2021-01-27 11:40:57','0000-00-00 00:00:00'),(102,'G9900120','TLEXXXG9','15:30:00','16:30:00','T','G901','2021-01-27 11:40:57','0000-00-00 00:00:00'),(103,'G9900120','MAPEHXG9','16:30:00','18:00:00','T','G901','2021-01-27 11:40:57','0000-00-00 00:00:00'),(104,'G9900120','ARTSXXG9','16:30:00','18:00:00','T','G901','2021-01-27 11:40:57','0000-00-00 00:00:00'),(105,'G9900120','MUSICXG9','16:30:00','18:00:00','T','G901','2021-01-27 11:40:57','0000-00-00 00:00:00'),(106,'G9900120','PEXXXXG9','16:30:00','18:00:00','T','G901','2021-01-27 11:40:57','0000-00-00 00:00:00'),(107,'G9900120','HEALTHG9','16:30:00','18:00:00','T','G901','2021-01-27 11:40:57','0000-00-00 00:00:00'),(108,'G9900120','APXXXXG9','08:00:00','09:00:00','W','G901','2021-01-27 11:40:57','0000-00-00 00:00:00'),(109,'G9900120','ENGXXXG9','09:00:00','10:00:00','W','G901','2021-01-27 11:40:57','0000-00-00 00:00:00'),(110,'G9900120','ESPXXXG9','10:00:00','11:00:00','W','G901','2021-01-27 11:40:57','0000-00-00 00:00:00'),(111,'G9900120','FILXXXG9','11:15:00','12:15:00','W','G901','2021-01-27 11:40:57','0000-00-00 00:00:00'),(112,'G9900120','MATHXXG9','12:15:00','13:15:00','W','G901','2021-01-27 11:40:57','0000-00-00 00:00:00'),(113,'G9900120','SCIXXXG9','14:30:00','15:30:00','W','G901','2021-01-27 11:40:57','0000-00-00 00:00:00'),(114,'G9900120','TLEXXXG9','15:30:00','16:30:00','W','G901','2021-01-27 11:40:57','0000-00-00 00:00:00'),(115,'G9900120','MAPEHXG9','16:30:00','18:00:00','W','G901','2021-01-27 11:40:57','0000-00-00 00:00:00'),(116,'G9900120','ARTSXXG9','16:30:00','18:00:00','W','G901','2021-01-27 11:40:57','0000-00-00 00:00:00'),(117,'G9900120','MUSICXG9','16:30:00','18:00:00','W','G901','2021-01-27 11:40:57','0000-00-00 00:00:00'),(118,'G9900120','PEXXXXG9','16:30:00','18:00:00','W','G901','2021-01-27 11:40:57','0000-00-00 00:00:00'),(119,'G9900120','HEALTHG9','16:30:00','18:00:00','W','G901','2021-01-27 11:40:57','0000-00-00 00:00:00'),(120,'G9900120','APXXXXG9','08:00:00','09:00:00','H','G901','2021-01-27 11:40:57','0000-00-00 00:00:00'),(121,'G9900120','ENGXXXG9','09:00:00','10:00:00','H','G901','2021-01-27 11:40:57','0000-00-00 00:00:00'),(122,'G9900120','ESPXXXG9','10:00:00','11:00:00','H','G901','2021-01-27 11:40:57','0000-00-00 00:00:00'),(123,'G9900120','FILXXXG9','11:15:00','12:15:00','H','G901','2021-01-27 11:40:57','0000-00-00 00:00:00'),(124,'G9900120','MATHXXG9','12:15:00','13:15:00','H','G901','2021-01-27 11:40:57','0000-00-00 00:00:00'),(125,'G9900120','SCIXXXG9','14:30:00','15:30:00','H','G901','2021-01-27 11:40:57','0000-00-00 00:00:00'),(126,'G9900120','TLEXXXG9','15:30:00','16:30:00','H','G901','2021-01-27 11:40:57','0000-00-00 00:00:00'),(127,'G9900120','MAPEHXG9','16:30:00','18:00:00','H','G901','2021-01-27 11:40:57','0000-00-00 00:00:00'),(128,'G9900120','ARTSXXG9','16:30:00','18:00:00','H','G901','2021-01-27 11:40:57','0000-00-00 00:00:00'),(129,'G9900120','MUSICXG9','16:30:00','18:00:00','H','G901','2021-01-27 11:40:57','0000-00-00 00:00:00'),(130,'G9900120','PEXXXXG9','16:30:00','18:00:00','H','G901','2021-01-27 11:40:57','0000-00-00 00:00:00'),(131,'G9900120','HEALTHG9','16:30:00','18:00:00','F','G901','2021-01-27 11:40:57','0000-00-00 00:00:00'),(132,'G9900120','APXXXXG9','08:00:00','09:00:00','F','G901','2021-01-27 11:40:57','0000-00-00 00:00:00'),(133,'G9900120','ENGXXXG9','09:00:00','10:00:00','F','G901','2021-01-27 11:40:57','0000-00-00 00:00:00'),(134,'G9900120','ESPXXXG9','10:00:00','11:00:00','F','G901','2021-01-27 11:40:57','0000-00-00 00:00:00'),(135,'G9900120','FILXXXG9','11:15:00','12:15:00','F','G901','2021-01-27 11:40:57','0000-00-00 00:00:00'),(136,'G9900120','MATHXXG9','12:15:00','13:15:00','F','G901','2021-01-27 11:40:57','0000-00-00 00:00:00'),(137,'G9900120','SCIXXXG9','14:30:00','15:30:00','F','G901','2021-01-27 11:40:57','0000-00-00 00:00:00'),(138,'G9900120','TLEXXXG9','15:30:00','16:30:00','F','G901','2021-01-27 11:40:57','0000-00-00 00:00:00'),(139,'G9900120','MAPEHXG9','16:30:00','18:00:00','F','G901','2021-01-27 11:40:57','0000-00-00 00:00:00'),(140,'G9900120','ARTSXXG9','16:30:00','18:00:00','F','G901','2021-01-27 11:40:57','0000-00-00 00:00:00'),(141,'G9900120','MUSICXG9','16:30:00','18:00:00','F','G901','2021-01-27 11:40:57','0000-00-00 00:00:00'),(142,'G9900120','PEXXXXG9','16:30:00','18:00:00','F','G901','2021-01-27 11:40:57','0000-00-00 00:00:00'),(143,'G9900120','HEALTHG9','16:30:00','18:00:00','F','G901','2021-01-27 11:40:57','0000-00-00 00:00:00');

/*Table structure for table `schedules` */

DROP TABLE IF EXISTS `schedules`;

CREATE TABLE `schedules` (
  `id` varchar(8) NOT NULL,
  `section_id` int(11) DEFAULT NULL,
  `esp` decimal(6,2) DEFAULT NULL,
  `created` timestamp NOT NULL DEFAULT CURRENT_TIMESTAMP ON UPDATE CURRENT_TIMESTAMP,
  `modified` timestamp NOT NULL DEFAULT '0000-00-00 00:00:00'
) ENGINE=InnoDB DEFAULT CHARSET=latin1;

/*Data for the table `schedules` */

insert  into `schedules`(`id`,`section_id`,`esp`,`created`,`modified`) values ('G9900020',9000,'2020.10','2021-01-25 10:43:02','0000-00-00 00:00:00'),('G9900120',9001,'2020.10','2021-01-27 11:35:17','0000-00-00 00:00:00');

/*Table structure for table `schemes` */

DROP TABLE IF EXISTS `schemes`;

CREATE TABLE `schemes` (
  `id` char(4) NOT NULL,
  `name` char(20) DEFAULT NULL,
  `payment_frequency` int(2) DEFAULT NULL,
  `sy` int(4) DEFAULT NULL,
  `order` int(3) DEFAULT NULL,
  `created` timestamp NOT NULL DEFAULT CURRENT_TIMESTAMP ON UPDATE CURRENT_TIMESTAMP,
  `modified` timestamp NOT NULL DEFAULT '0000-00-00 00:00:00',
  PRIMARY KEY (`id`)
) ENGINE=InnoDB DEFAULT CHARSET=latin1;

/*Data for the table `schemes` */

insert  into `schemes`(`id`,`name`,`payment_frequency`,`sy`,`order`,`created`,`modified`) values ('CASH','Cash',1,2020,1,'2020-06-11 14:32:40','0000-00-00 00:00:00'),('EASY','Easy',10,2020,4,'2020-06-11 18:28:45','0000-00-00 00:00:00'),('MONT','Monthly',9,2020,3,'2021-01-21 18:25:11','0000-00-00 00:00:00'),('SEMI','Semi Annual',2,2020,2,'2020-06-11 14:48:09','0000-00-00 00:00:00');

/*Table structure for table `sections` */

DROP TABLE IF EXISTS `sections`;

CREATE TABLE `sections` (
  `id` int(11) NOT NULL,
  `department_id` char(2) DEFAULT NULL,
  `year_level_id` char(2) DEFAULT NULL,
  `program_id` char(5) DEFAULT NULL,
  `name` varchar(20) DEFAULT NULL,
  `description` varchar(50) DEFAULT NULL,
  `alias` varchar(10) DEFAULT NULL,
  `esp` decimal(6,2) DEFAULT NULL,
  `order` int(11) DEFAULT NULL,
  `created` datetime DEFAULT NULL,
  `modified` datetime DEFAULT NULL,
  PRIMARY KEY (`id`)
) ENGINE=InnoDB DEFAULT CHARSET=latin1;

/*Data for the table `sections` */

insert  into `sections`(`id`,`department_id`,`year_level_id`,`program_id`,`name`,`description`,`alias`,`esp`,`order`,`created`,`modified`) values (1000,'SH','GZ','IE','IE-2A','IE-2A','IE-2A','2019.00',1,NULL,NULL),(1001,'SH','GZ','IE','Try','Try','Try','2019.00',2,NULL,NULL);

/*Table structure for table `tuitions` */

DROP TABLE IF EXISTS `tuitions`;

CREATE TABLE `tuitions` (
  `id` char(8) NOT NULL,
  `name` varchar(20) DEFAULT NULL,
  `description` varchar(30) DEFAULT NULL,
  `sy` int(4) DEFAULT NULL,
  `year_level_id` char(2) DEFAULT NULL,
  `tuition_per_hr` decimal(10,2) DEFAULT NULL,
  `assessment_total` decimal(10,2) DEFAULT NULL,
  PRIMARY KEY (`id`)
) ENGINE=InnoDB DEFAULT CHARSET=latin1;

/*Data for the table `tuitions` */

insert  into `tuitions`(`id`,`name`,`description`,`sy`,`year_level_id`,`tuition_per_hr`,`assessment_total`) values ('G07FEE20','Grade 7 Tuiion','Grade 7 Tuiion',2020,'G7','200.00','16030.00'),('G08FEE20','Grade 8 Tuition','Grade 8 Tuition',2020,'G8','200.00','16030.00'),('G09FEE20','Grade 9 Tuition','Grade 9 Tuition',2020,'G9','200.00','16030.00'),('G10FEE20','Grade 10 Tuition','Grade 10 Tuition',2020,'GX','200.00','16030.00'),('G11FEE20','Grade 11 Tuiion','Grade 11 Tuiion',2020,'GY','200.00','21770.00'),('G12FEE20','Grade 12 tuition','Grade 12 tuition',2020,'GZ','200.00','21770.00');

/*Table structure for table `user_grants` */

DROP TABLE IF EXISTS `user_grants`;

CREATE TABLE `user_grants` (
  `id` int(11) NOT NULL AUTO_INCREMENT,
  `user_type_id` char(5) DEFAULT NULL,
  `master_module_id` int(11) DEFAULT NULL,
  `created` datetime DEFAULT NULL,
  `modified` datetime DEFAULT NULL,
  PRIMARY KEY (`id`),
  KEY `FK_grn_usr` (`user_type_id`),
  KEY `FK_grn_mod` (`master_module_id`)
) ENGINE=InnoDB DEFAULT CHARSET=latin1;

/*Data for the table `user_grants` */

/*Table structure for table `user_types` */

DROP TABLE IF EXISTS `user_types`;

CREATE TABLE `user_types` (
  `id` char(5) NOT NULL,
  `name` varchar(50) DEFAULT NULL,
  `created` datetime DEFAULT NULL,
  `modified` datetime DEFAULT NULL,
  PRIMARY KEY (`id`)
) ENGINE=InnoDB DEFAULT CHARSET=latin1;

/*Data for the table `user_types` */

insert  into `user_types`(`id`,`name`,`created`,`modified`) values ('admin','admin',NULL,NULL);

/*Table structure for table `users` */

DROP TABLE IF EXISTS `users`;

CREATE TABLE `users` (
  `id` int(11) NOT NULL AUTO_INCREMENT,
  `user_type_id` char(5) DEFAULT NULL,
  `username` varchar(15) DEFAULT NULL,
  `department_id` char(2) DEFAULT NULL,
  `password` varchar(50) DEFAULT NULL,
  `status` char(5) DEFAULT NULL,
  `login_failed` int(11) DEFAULT NULL,
  `ip_failed` varchar(20) DEFAULT NULL,
  `login_success` int(11) DEFAULT NULL,
  `ip_success` varchar(20) DEFAULT NULL,
  `password_changed` datetime DEFAULT NULL,
  `created` datetime DEFAULT NULL,
  `modified` datetime DEFAULT NULL,
  PRIMARY KEY (`id`)
) ENGINE=InnoDB AUTO_INCREMENT=2 DEFAULT CHARSET=latin1;

/*Data for the table `users` */

insert  into `users`(`id`,`user_type_id`,`username`,`department_id`,`password`,`status`,`login_failed`,`ip_failed`,`login_success`,`ip_success`,`password_changed`,`created`,`modified`) values (1,'admin','admin','SH','1de3fe0522c8467dec3fae46ad68c036e19a72a5','',7,'::1',33,'::1','2020-05-29 11:09:00','2020-05-29 11:09:48','2020-05-29 11:09:48');

/*!40101 SET SQL_MODE=@OLD_SQL_MODE */;
/*!40014 SET UNIQUE_CHECKS=@OLD_UNIQUE_CHECKS */;
/*!40111 SET SQL_NOTES=@OLD_SQL_NOTES */;
